start_dt,end_dt,machine,benchmark,model,#SDC,#DUE,#abort,#end,acc_time,Time Beam Off,acc_err,Flux 1h,Fluency(Flux * $AccTime),Cross Section SDC,Cross Section DUE
2021-06-03 19:19:36,2021-06-03 20:19:36,carol-raspberry1,Classification,inception_v4_299_quant_edgetpu.tflite,212,15,0,0,2693.525738,450.4379999999998,444,3430835.3611923256,9241043348.212055,2.2941132511949257e-08,1.623193338109617e-09
2021-06-03 21:37:20,2021-06-03 22:37:20,carol-raspberry1,Classification,inception_v4_299_quant_edgetpu.tflite,259,5,1,1,2972.193309,0.0,416,3921499.973739959,11655455983.193584,2.2221352847409947e-08,4.2898364570289466e-10
2021-06-04 00:24:52,2021-06-04 01:24:52,carol-raspberry1,Classification,inception_v4_299_quant_edgetpu.tflite,222,8,0,0,2771.285413,18.016,365,3901875.0449824864,10813209395.508682,2.0530444928978142e-08,7.398358532965096e-10
2021-06-04 02:48:06,2021-06-04 03:48:06,carol-raspberry1,Classification,inception_v4_299_quant_edgetpu.tflite,225,2,1,1,2896.210602,279.28499999999985,432,3617273.2736938577,10476385205.603395,2.1476873519279964e-08,1.909055423935997e-10
2021-06-04 06:00:15,2021-06-04 07:00:15,carol-raspberry1,Classification,inception_v4_299_quant_edgetpu.tflite,186,9,0,0,2615.428792,0.0,279,3921499.973739959,10256403939.146732,1.8135011169955345e-08,8.775005404817102e-10
2021-06-04 08:03:03,2021-06-04 09:03:03,carol-raspberry1,Classification,inception_v4_299_quant_edgetpu.tflite,161,8,0,0,4147.549207,1504.5609999999936,233,2282573.328742697,9467085199.546124,1.7006290384681313e-08,8.450330625928601e-10
2021-06-04 11:19:21,2021-06-04 12:19:21,carol-raspberry1,Classification,inception_v4_299_quant_edgetpu.tflite,293,7,0,0,4273.043134,390.38499999999993,524,3496251.42728205,14939633156.085262,1.9612262024027964e-08,4.685523350450365e-10
2021-06-04 13:54:16,2021-06-04 14:54:16,carol-raspberry1,Classification,inception_v4_299_quant_edgetpu.tflite,218,8,0,0,2929.916621,270.2939999999998,332,3627067.219878273,10627004533.005611,2.051377689008509e-08,7.527991519297281e-10
2021-06-04 16:26:23,2021-06-04 17:26:23,carol-raspberry1,Classification,inception_v4_299_quant_edgetpu.tflite,172,1,1,1,3201.275655,21.022,411,3898600.592504414,12480495165.352957,1.3781504477281352e-08,8.012502603070551e-11
2021-06-04 18:38:27,2021-06-04 19:38:27,carol-raspberry1,Classification,inception_v4_299_quant_edgetpu.tflite,32,4,0,0,366.01091,0.0,47,3921499.973739959,1435311773.9535384,2.22948077070786e-08,2.7868509633848246e-09
2021-06-04 21:49:45,2021-06-04 22:49:45,carol-raspberry1,Classification,inception_v4_299_quant_edgetpu.tflite,292,12,0,0,3305.627044,0.0,502,3921499.973739959,12963016366.240095,2.252562148733089e-08,9.257104720820915e-10
2021-06-04 23:09:52,2021-06-05 00:09:52,carol-raspberry1,Classification,inception_v4_299_quant_edgetpu.tflite,248,10,1,1,2770.6748419999994,0.0,425,3921499.973739959,10865201320.144962,2.282516381359524e-08,9.203695086127111e-10
2021-06-05 00:18:17,2021-06-05 01:18:17,carol-raspberry1,Classification,inception_v4_299_quant_edgetpu.tflite,224,8,1,1,2938.095657,0.0,370,3921499.973739959,11521742041.770988,1.9441504521443826e-08,6.943394471944222e-10
2021-06-05 01:26:31,2021-06-05 02:26:31,carol-raspberry1,Classification,inception_v4_299_quant_edgetpu.tflite,239,9,0,0,3332.089703,0.0,428,3921499.973739959,13066789682.813686,1.82906441292423e-08,6.887690257873671e-10
2021-06-05 02:42:19,2021-06-05 03:42:19,carol-raspberry1,Classification,inception_v4_299_quant_edgetpu.tflite,478,8,0,0,5586.419736,0.0,802,3921499.973739959,21907144848.024387,2.1819365477154212e-08,3.651776648896102e-10
2021-06-05 04:44:42,2021-06-05 05:44:42,carol-raspberry1,Classification,inception_v4_299_quant_edgetpu.tflite,224,8,0,0,2549.24722,0.0,414,3921499.973739959,9996872906.286663,2.240700688103524e-08,8.002502457512584e-10
2021-06-05 05:45:50,2021-06-05 06:45:50,carol-raspberry1,Classification,inception_v4_299_quant_edgetpu.tflite,283,8,1,1,3424.164689,0.0,513,3921499.973739959,13427861737.994797,2.1075581914821e-08,5.957761672034204e-10
2021-06-05 07:04:33,2021-06-05 08:04:33,carol-raspberry1,Classification,inception_v4_299_quant_edgetpu.tflite,342,13,0,0,4042.726283,0.0,668,3921499.973739959,15853551012.62234,2.1572454002747092e-08,8.200055615079302e-10
2021-06-05 08:40:23,2021-06-05 09:40:23,carol-raspberry1,Classification,inception_v4_299_quant_edgetpu.tflite,249,6,0,0,2973.349513,0.0,492,3921499.973739959,11659990037.14922,2.135507828108562e-08,5.145801995442317e-10
2021-06-05 09:47:18,2021-06-05 10:47:18,carol-raspberry1,Classification,inception_v4_299_quant_edgetpu.tflite,237,10,0,0,2734.23107,0.0,413,3921499.973739959,10722287069.20398,2.2103493263177e-08,9.326368465475527e-10
2021-06-05 10:54:19,2021-06-05 11:54:19,carol-raspberry1,Classification,inception_v4_299_quant_edgetpu.tflite,281,4,0,0,3495.469012,0.0,470,3921499.973739959,13707481638.76684,2.0499753886613962e-08,2.918114432258215e-10
2021-06-05 12:09:13,2021-06-05 13:09:13,carol-raspberry1,Classification,inception_v4_299_quant_edgetpu.tflite,278,14,0,0,3332.684018,0.0,455,3921499.973739959,13069120289.07058,2.1271515897859276e-08,1.071227419316654e-09
2021-06-05 13:31:51,2021-06-05 14:31:51,carol-raspberry1,Classification,inception_v4_299_quant_edgetpu.tflite,229,5,0,0,2842.890588,0.0,395,3921499.973739959,11148395366.187576,2.054107272644308e-08,4.4849503769526366e-10
2021-06-05 14:34:21,2021-06-05 15:34:21,carol-raspberry1,Classification,inception_v4_299_quant_edgetpu.tflite,260,10,0,0,3438.67814,0.0,407,3921499.973739959,13484776235.71017,1.9281002180182433e-08,7.415770069300933e-10
2021-06-05 15:53:02,2021-06-05 16:53:02,carol-raspberry1,Classification,inception_v4_299_quant_edgetpu.tflite,201,11,0,0,2422.612603,0.0,328,3921499.973739959,9500275259.046593,2.1157281712295518e-08,1.1578611882350781e-09
2021-06-05 16:54:07,2021-06-05 17:54:07,carol-raspberry1,Classification,inception_v4_299_quant_edgetpu.tflite,218,6,0,0,2687.1949010000003,0.0,321,3921499.973739959,10537834733.705652,2.0687361826117753e-08,5.693769309940665e-10
2021-06-05 17:55:20,2021-06-05 18:55:20,carol-raspberry1,Classification,inception_v4_299_quant_edgetpu.tflite,212,15,0,0,2395.236906,0.0,396,3921499.973739959,9392921463.97998,2.257018764747247e-08,1.5969472392079579e-09
2021-06-05 18:59:37,2021-06-05 19:59:37,carol-raspberry1,Classification,inception_v4_299_quant_edgetpu.tflite,167,16,0,0,2290.493123,0.0,270,3921499.973739959,8982168721.696054,1.8592391790260906e-08,1.781306997869308e-09
2021-06-05 20:02:33,2021-06-05 21:02:33,carol-raspberry1,Classification,inception_v4_299_quant_edgetpu.tflite,315,6,0,0,3741.918599000001,0.0,483,3921499.973739959,14673933687.715565,2.1466636465974052e-08,4.0888831363760087e-10
2021-06-05 21:24:54,2021-06-05 22:24:54,carol-raspberry1,Classification,inception_v4_299_quant_edgetpu.tflite,47,2,1,1,530.84148,0.0,62,3921499.973739959,2081694849.8800807,2.257775677482581e-08,9.60755607439396e-10
2021-06-04 18:50:13,2021-06-04 21:34:08,carol-raspberry1,Classification,inception_v4_299_quant_edgetpu.tflite,82,1,0,0,9835.131343,0.0,167,3921499.973739959,38568467303.30354,2.126089153482549e-09,2.5927916505884744e-11
2021-06-05 21:38:31,2021-06-05 23:03:56,carol-raspberry1,Classification,inception_v4_299_quant_edgetpu.tflite,107,1,0,0,5125.611622,0.0,166,3921499.973739959,20100085841.07423,5.323360350100947e-09,4.975103130935464e-11
2021-06-02 17:16:39,2021-06-02 18:16:39,carol-raspberry1,Classification,tfhub_tf2_resnet_50_imagenet_ptq_edgetpu.tflite,102,2,1,1,3636.800467,2153.124999999987,189,1576088.965140293,5731921084.455764,1.7795081002878937e-08,3.4892315691919485e-10
2021-06-02 18:32:29,2021-06-02 19:32:29,carol-raspberry1,Classification,tfhub_tf2_resnet_50_imagenet_ptq_edgetpu.tflite,207,7,0,0,2632.623451,36.03699999999999,430,3882244.669697274,10220488359.964792,2.025343532612889e-08,6.848987791444551e-10
2021-06-02 19:35:40,2021-06-02 20:35:40,carol-raspberry1,Classification,tfhub_tf2_resnet_50_imagenet_ptq_edgetpu.tflite,355,9,0,0,4872.652015,126.128,648,3784108.043548883,18438641683.37617,1.9253045104730212e-08,4.881053688523152e-10
2021-06-02 21:30:56,2021-06-02 22:30:56,carol-raspberry1,Classification,tfhub_tf2_resnet_50_imagenet_ptq_edgetpu.tflite,279,7,0,0,3872.283949,135.13599999999997,528,3774295.5791701465,14615144190.002216,1.9089787714229708e-08,4.789552473104228e-10
2021-06-02 22:59:37,2021-06-02 23:59:37,carol-raspberry1,Classification,tfhub_tf2_resnet_50_imagenet_ptq_edgetpu.tflite,306,11,1,1,4475.602038000001,12.013,561,3908414.146188698,17492506318.03017,1.7493205058019304e-08,6.288407047000402e-10
2021-06-03 00:46:28,2021-06-03 01:46:28,carol-raspberry1,Classification,tfhub_tf2_resnet_50_imagenet_ptq_edgetpu.tflite,280,8,0,0,3850.984887,12.013,506,3908414.146188698,15051243809.109682,1.860311370615972e-08,5.315175344617062e-10
2021-06-03 02:17:05,2021-06-03 03:17:05,carol-raspberry1,Classification,tfhub_tf2_resnet_50_imagenet_ptq_edgetpu.tflite,215,8,1,1,2902.727488,0.0,394,3921499.973739959,11383045767.966255,1.8887739220468127e-08,7.027995989011395e-10
2021-06-03 03:29:35,2021-06-03 04:29:35,carol-raspberry1,Classification,tfhub_tf2_resnet_50_imagenet_ptq_edgetpu.tflite,224,4,0,0,2852.68064,0.0,354,3921499.973739959,11186787054.84849,2.0023622412917537e-08,3.57564685944956e-10
2021-06-03 04:34:17,2021-06-03 05:34:17,carol-raspberry1,Classification,tfhub_tf2_resnet_50_imagenet_ptq_edgetpu.tflite,264,6,0,0,3318.7185400000003,12.013,493,3908414.146188698,12970926488.954702,2.0353210715117943e-08,4.625729707981351e-10
2021-06-03 05:51:56,2021-06-03 06:51:56,carol-raspberry1,Classification,tfhub_tf2_resnet_50_imagenet_ptq_edgetpu.tflite,150,9,0,0,2374.669677,84.08700000000002,318,3829903.538103328,9094755797.768986,1.6493021180051495e-08,9.895812708030895e-10
2021-06-03 06:52:00,2021-06-03 07:52:00,carol-raspberry1,Classification,tfhub_tf2_resnet_50_imagenet_ptq_edgetpu.tflite,212,3,0,0,2960.1854080000003,9.007,360,3911688.598666771,11579323510.413343,1.830849615777185e-08,2.5908249279865825e-10
2021-06-03 07:56:58,2021-06-03 08:56:58,carol-raspberry1,Classification,tfhub_tf2_resnet_50_imagenet_ptq_edgetpu.tflite,14,3,0,0,265.962785,1864.8799999999871,23,1890075.8428988133,502689835.0385909,2.785017524558705e-08,5.967894695482938e-09
2021-06-03 11:45:47,2021-06-03 12:45:47,carol-raspberry1,Classification,tfhub_tf2_resnet_50_imagenet_ptq_edgetpu.tflite,160,1,0,0,3043.268865,1120.1009999999978,349,2701367.7398271547,8220988335.531401,1.9462380126301163e-08,1.2163987578938222e-10
2021-06-03 12:49:33,2021-06-03 13:49:33,carol-raspberry1,Classification,tfhub_tf2_resnet_50_imagenet_ptq_edgetpu.tflite,182,3,0,0,2946.105794,312.313,325,3581295.69004589,10550875982.471424,1.724975256105404e-08,2.843365806767149e-10
2021-06-03 13:54:18,2021-06-03 14:54:18,carol-raspberry1,Classification,tfhub_tf2_resnet_50_imagenet_ptq_edgetpu.tflite,179,10,0,0,2939.509311,183.18699999999995,326,3721953.358270653,10940716551.744305,1.63609027940187e-08,9.140169158669664e-10
2021-06-03 15:05:35,2021-06-03 16:05:35,carol-raspberry1,Classification,tfhub_tf2_resnet_50_imagenet_ptq_edgetpu.tflite,273,6,0,0,4344.10509,441.454,489,3440621.682237903,14946422162.574038,1.826524080683297e-08,4.0143386388643884e-10
2021-06-03 16:43:15,2021-06-03 17:43:15,carol-raspberry1,Classification,tfhub_tf2_resnet_50_imagenet_ptq_edgetpu.tflite,116,4,0,0,2459.559754,519.542,219,3355559.990585291,8253200304.9762,1.4055153844994984e-08,4.846604774136201e-10
2021-06-03 17:53:13,2021-06-03 18:53:13,carol-raspberry1,Classification,tfhub_tf2_resnet_50_imagenet_ptq_edgetpu.tflite,189,5,0,0,3064.24637,1273.9659999999972,352,2533761.741643962,7764070219.277388,2.4342901939595093e-08,6.439921148041028e-10
2021-06-03 20:31:06,2021-06-03 21:31:06,carol-raspberry1,Classification,tfhub_tf2_resnet_50_imagenet_ptq_edgetpu.tflite,162,8,0,0,2685.590811,0.0,310,3921499.973739959,10531544294.812777,1.5382359458886932e-08,7.596226893277497e-10
2021-06-03 22:43:40,2021-06-03 23:43:40,carol-raspberry1,Classification,tfhub_tf2_resnet_50_imagenet_ptq_edgetpu.tflite,287,9,0,0,4312.402357999999,0.0,610,3921499.973739959,16911085733.653131,1.6971116137674635e-08,5.321952795786471e-10
2021-06-04 01:29:05,2021-06-04 02:29:05,carol-raspberry1,Classification,tfhub_tf2_resnet_50_imagenet_ptq_edgetpu.tflite,197,8,0,0,3349.578894,0.0,333,3921499.973739959,13135373544.860922,1.4997670171098727e-08,6.090424434963951e-10
2021-06-04 03:49:15,2021-06-04 04:49:15,carol-raspberry1,Classification,tfhub_tf2_resnet_50_imagenet_ptq_edgetpu.tflite,357,11,0,0,5609.4850830000005,0.0,834,3921499.973739959,21997595605.67919,1.6229046410319142e-08,5.000546512983489e-10
2021-06-04 07:01:50,2021-06-04 08:01:50,carol-raspberry1,Classification,tfhub_tf2_resnet_50_imagenet_ptq_edgetpu.tflite,134,10,0,0,2402.0162800000003,228.24399999999997,270,3672872.518182653,8822299583.039328,1.518878368828145e-08,1.1334913200210036e-09
2021-06-04 09:30:38,2021-06-04 10:30:38,carol-raspberry1,Classification,tfhub_tf2_resnet_50_imagenet_ptq_edgetpu.tflite,164,9,0,0,4930.212708,183.17799999999997,295,3721963.1620205874,18350070080.101765,8.937295568033631e-09,4.90461342148187e-10
2021-06-04 12:51:27,2021-06-04 13:51:27,carol-raspberry1,Classification,tfhub_tf2_resnet_50_imagenet_ptq_edgetpu.tflite,122,6,0,0,2743.51813,585.5940000000002,216,3283609.180511548,9008641318.567877,1.3542552720857426e-08,6.66027182992988e-10
2021-06-04 15:01:26,2021-06-04 16:01:26,carol-raspberry1,Classification,tfhub_tf2_resnet_50_imagenet_ptq_edgetpu.tflite,178,5,0,0,3880.55859,462.4719999999996,362,3417726.658224552,13262688541.84528,1.3421109863086198e-08,3.769974680642191e-10
2021-06-04 17:30:04,2021-06-04 18:30:04,carol-raspberry1,Classification,tfhub_tf2_resnet_50_imagenet_ptq_edgetpu.tflite,180,6,0,0,2828.113888,0.0,448,3921499.973739959,11090448537.525612,1.623018215998681e-08,5.410060719995604e-10
2021-06-03 08:06:06,2021-06-03 11:12:30,carol-raspberry1,Classification,tfhub_tf2_resnet_50_imagenet_ptq_edgetpu.tflite,175,1,0,0,11184.069164,9994.2600000003,310,417185.9577191349,4665836605.380384,3.750667132196608e-08,2.1432383612552043e-10
2021-05-07 09:44:38,2021-05-07 10:44:38,carol-raspberry1,Conv,conv_2d_1_1000_1000_1_40_40_1_1_quant_edgetpu.tflite,1,2,0,0,319.055369,3567.6470000000045,1,35242.302402886264,11244245.797562463,8.893437745880483e-08,1.7786875491760966e-07
2021-05-07 23:16:41,2021-05-08 00:16:41,carol-raspberry1,Conv,conv_2d_1_1000_1000_1_40_40_1_1_quant_edgetpu.tflite,7,4,0,0,3516.646596,258.23400000000004,137,3640204.244790302,12801311866.186567,5.468189567734715e-10,3.124679752991265e-10
2021-05-08 02:01:49,2021-05-08 03:01:49,carol-raspberry1,Conv,conv_2d_1_1000_1000_1_40_40_1_1_quant_edgetpu.tflite,7,4,0,0,3273.34719,649.1389999999996,65,3214389.259447297,10521812049.977991,6.652846455297251e-10,3.8016265458841447e-10
2021-05-08 04:08:01,2021-05-08 05:08:01,carol-raspberry1,Conv,conv_2d_1_1000_1000_1_40_40_1_1_quant_edgetpu.tflite,10,7,0,0,3607.201359,0.0,139,3921499.973739959,14145640034.593245,7.069316040521984e-10,4.948521228365388e-10
2021-05-08 06:36:07,2021-05-08 07:36:07,carol-raspberry1,Conv,conv_2d_1_1000_1000_1_40_40_1_1_quant_edgetpu.tflite,10,4,0,0,3708.118434,0.0,255,3921499.973739959,14541386341.555656,6.876923399952927e-10,2.7507693599811706e-10
2021-05-08 09:01:01,2021-05-08 10:01:01,carol-raspberry1,Conv,conv_2d_1_1000_1000_1_40_40_1_1_quant_edgetpu.tflite,2,4,0,0,3114.938626,2535.67199999999,2,1159378.3955696505,3611392546.509811,5.538029926801719e-10,1.1076059853603435e-09
2021-05-08 11:02:44,2021-05-08 12:02:44,carol-raspberry1,Conv,conv_2d_1_1000_1000_1_40_40_1_1_quant_edgetpu.tflite,5,3,1,1,3790.81523,1615.5549999999914,33989,2161666.948719007,8194479991.391641,6.10166844662814e-10,3.6610010679768837e-10
2021-05-08 13:22:58,2021-05-08 14:22:58,carol-raspberry1,Conv,conv_2d_1_1000_1000_1_40_40_1_1_quant_edgetpu.tflite,7,3,0,0,3999.619764,1627.6589999999917,69,2148481.994362855,8593111047.25181,8.146060212079642e-10,3.491168662319847e-10
2021-05-08 16:09:33,2021-05-08 17:09:33,carol-raspberry1,Conv,conv_2d_1_1000_1000_1_40_40_1_1_quant_edgetpu.tflite,1,1,0,0,690.586959,255.2329999999999,1,3643473.250740633,2516135112.4268184,3.9743493704338375e-10,3.9743493704338375e-10
2021-05-09 10:18:03,2021-05-09 11:18:03,carol-raspberry1,Conv,conv_2d_1_1000_1000_1_40_40_1_1_quant_edgetpu.tflite,5,4,0,0,3135.5286450000003,1044.9559999999994,156,2783223.6052512336,8726877339.705416,5.729426237322112e-10,4.5835409898576887e-10
2021-05-09 12:28:44,2021-05-09 13:28:44,carol-raspberry1,Conv,conv_2d_1_1000_1000_1_40_40_1_1_quant_edgetpu.tflite,8,4,0,0,4197.094257000001,1444.3619999999928,145,2348148.433442468,9855400304.58493,8.117377024531655e-10,4.0586885122658277e-10
2021-05-09 17:14:55,2021-05-09 18:14:55,carol-raspberry1,Conv,conv_2d_1_1000_1000_1_40_40_1_1_quant_edgetpu.tflite,3,7,0,0,2879.044815,665.9679999999998,62,3196057.336375611,9201592302.734917,3.2603052833674606e-10,7.607378994524073e-10
2021-05-16 06:05:58,2021-05-16 07:05:58,carol-raspberry1,Conv,conv_2d_1_1000_1000_1_40_40_1_1_quant_edgetpu.tflite,8,7,0,0,3055.670577,0.0,159,3921499.973739959,11982812087.463465,6.676229203635495e-10,5.841700553181057e-10
2021-05-16 11:36:48,2021-05-16 12:36:48,carol-raspberry1,Conv,conv_2d_1_1000_1000_1_40_40_1_1_quant_edgetpu.tflite,3,10,0,0,3040.057227,0.0,66,3921499.973739959,11921584335.848473,2.516444052640665e-10,8.388146842135548e-10
2021-05-18 02:16:08,2021-05-18 03:16:08,carol-raspberry1,Conv,conv_2d_1_1000_1000_1_40_40_1_1_quant_edgetpu.tflite,7,5,0,0,3345.4162960000003,12.011,196,3908416.324799794,13075279664.537664,5.35361397965748e-10,3.8240099854696285e-10
2021-05-18 05:14:10,2021-05-18 06:14:10,carol-raspberry1,Conv,conv_2d_1_1000_1000_1_40_40_1_1_quant_edgetpu.tflite,7,9,0,0,3089.926463,0.0,105,3921499.973739959,12117146543.512903,5.776937643580415e-10,7.427491256031961e-10
2021-05-18 14:58:56,2021-05-18 15:58:56,carol-raspberry1,Conv,conv_2d_1_1000_1000_1_40_40_1_1_quant_edgetpu.tflite,10,8,1,1,3174.731573,0.0,15035,3921499.973739959,12449709780.150915,8.032315754013325e-10,6.425852603210662e-10
2021-05-19 04:04:39,2021-05-19 05:04:39,carol-raspberry1,Conv,conv_2d_1_1000_1000_1_40_40_1_1_quant_edgetpu.tflite,11,4,0,0,5591.819193,0.0,64,3921499.973739959,21928318818.5081,5.016344431619492e-10,1.8241252478616326e-10
2021-05-19 15:58:45,2021-05-19 16:58:45,carol-raspberry1,Conv,conv_2d_1_1000_1000_1_40_40_1_1_quant_edgetpu.tflite,3,2,0,0,292.455595,2243.350999999986,79,1477805.2827428875,432192423.2587144,6.941352597947262e-09,4.627568398631508e-09
2021-05-08 16:22:45,2021-05-08 17:46:01,carol-raspberry1,Conv,conv_2d_1_1000_1000_1_40_40_1_1_quant_edgetpu.tflite,15,1,0,0,4996.520019,738.6829999999997,256,3341747.3951278743,16697107758.197523,8.98359177962164e-10,5.989061186414427e-11
2021-05-15 10:42:01,2021-05-15 13:45:24,carol-raspberry1,Conv,conv_2d_1_1000_1000_1_40_40_1_1_quant_edgetpu.tflite,5,1,0,0,11003.146171,10410.96800000039,5,211051.15263712785,2322226682.0243497,2.1531059128307667e-09,4.3062118256615336e-10
2021-05-19 16:05:53,2021-05-19 17:16:48,carol-raspberry1,Conv,conv_2d_1_1000_1000_1_40_40_1_1_quant_edgetpu.tflite,5,1,0,0,4255.844145,2576.6769999999915,9,1547249.7795199535,6584853915.022535,7.593182877744811e-10,1.5186365755489622e-10
2021-05-19 22:47:42,2021-05-19 23:47:42,carol-raspberry1,Conv,conv_2d_1_1024_1024_1_40_40_1_1_quant_edgetpu.tflite,10,5,0,0,4056.10258,0.0,44,3921499.973739959,15906006160.95658,6.286933312364947e-10,3.143466656182473e-10
2021-05-20 12:39:16,2021-05-20 13:39:16,carol-raspberry1,Conv,conv_2d_1_1024_1024_1_40_40_1_1_quant_edgetpu.tflite,20,8,0,0,4723.358391,0.0,205,3921499.973739959,18522649806.270912,1.0797591170367495e-09,4.3190364681469983e-10
2021-06-01 09:02:17,2021-06-01 10:02:17,carol-raspberry1,Conv,conv_2d_1_1024_1024_1_40_40_1_1_quant_edgetpu.tflite,1,1,0,0,1092.462072,3240.165999999999,69,391969.1726529859,428211454.5166068,2.335294839622788e-09,2.335294839622788e-09
2021-05-30 16:36:53,2021-05-30 21:39:41,carol-raspberry1,Conv,conv_2d_1_1024_1024_1_40_40_1_1_quant_edgetpu.tflite,1,1,0,0,18168.184841,156.147,1,3887796.5266560353,70634205920.48463,1.4157446621906312e-11,1.4157446621906312e-11
2021-05-31 00:37:25,2021-05-31 04:59:41,carol-raspberry1,Conv,conv_2d_1_1024_1024_1_40_40_1_1_quant_edgetpu.tflite,2,1,0,0,15736.811412,165.17499999999995,2,3880339.554312896,61064171780.74618,3.275242980746706e-11,1.637621490373353e-11
2021-05-31 19:21:13,2021-06-01 06:47:16,carol-raspberry1,Conv,conv_2d_1_1024_1024_1_40_40_1_1_quant_edgetpu.tflite,5,1,0,0,41163.959071,714.7080000000007,229,3853413.048514968,158621737012.72745,3.1521530996718384e-11,6.304306199343677e-12
2021-05-09 21:30:45,2021-05-09 22:30:45,carol-raspberry1,Conv,conv_2d_1_1250_1250_1_40_40_1_1_quant_edgetpu.tflite,8,7,0,0,3174.896346,0.0,320,3921499.973739959,12450355937.466091,6.425519109799978e-10,5.62232922107498e-10
2021-05-15 20:08:27,2021-05-15 21:08:27,carol-raspberry1,Conv,conv_2d_1_1250_1250_1_40_40_1_1_quant_edgetpu.tflite,6,4,0,0,1090.9296700000002,306.265,116,3587883.8100017733,3914128900.843578,1.5329081264306019e-09,1.0219387509537346e-09
2021-05-16 10:34:19,2021-05-16 11:34:19,carol-raspberry1,Conv,conv_2d_1_1250_1250_1_40_40_1_1_quant_edgetpu.tflite,15,7,0,0,3184.05301,0.0,166,3921499.973739959,12486263795.101637,1.201320126352328e-09,5.606160589644197e-10
2021-05-16 16:48:44,2021-05-16 17:48:44,carol-raspberry1,Conv,conv_2d_1_1250_1250_1_40_40_1_1_quant_edgetpu.tflite,6,2,0,0,2835.554405,1942.857999999987,246,1805133.974856509,5118555594.019533,1.1722056915842306e-09,3.9073523052807685e-10
2021-05-18 12:55:13,2021-05-18 13:55:13,carol-raspberry1,Conv,conv_2d_1_1250_1250_1_40_40_1_1_quant_edgetpu.tflite,19,10,1,1,2970.439806,0.0,1290,3921499.973739959,11648579621.225128,1.631100152792851e-09,8.584737646278163e-10
2021-05-19 00:56:15,2021-05-19 01:56:15,carol-raspberry1,Conv,conv_2d_1_1250_1250_1_40_40_1_1_quant_edgetpu.tflite,11,7,0,0,4144.735552,0.0,89,3921499.973739959,16253580358.327074,6.767739634894938e-10,4.306743404024051e-10
2021-05-19 14:56:33,2021-05-19 15:56:33,carol-raspberry1,Conv,conv_2d_1_1250_1250_1_40_40_1_1_quant_edgetpu.tflite,10,6,0,0,3239.938305,1663.7589999999907,88,2109158.06407063,6833542003.082077,1.463369947164996e-09,8.780219682989975e-10
2021-05-15 20:31:48,2021-05-16 05:27:04,carol-raspberry1,Conv,conv_2d_1_1250_1250_1_40_40_1_1_quant_edgetpu.tflite,11,1,0,0,32116.572405,28963.87000000376,231,384951.4899192013,12363322398.402657,8.897284763374933e-10,8.088440693977213e-11
2021-05-19 18:49:24,2021-05-19 19:49:24,carol-raspberry1,Conv,conv_2d_1_256_256_1_40_40_1_1_quant_edgetpu.tflite,1,28,0,0,1252.807427,0.0,1,3921499.973739959,4912884292.081725,2.0354641806071767e-10,5.6992997057000965e-09
2021-05-20 07:33:50,2021-05-20 08:33:50,carol-raspberry1,Conv,conv_2d_1_256_256_1_40_40_1_1_quant_edgetpu.tflite,1,19,0,0,1544.1411159999998,369.4129999999999,1,3519096.3432401805,5433981354.76241,1.8402713125314411e-10,3.496515493809738e-09
2021-05-09 19:52:45,2021-05-09 20:52:45,carol-raspberry1,Conv,conv_2d_1_500_500_1_40_40_1_1_quant_edgetpu.tflite,17,3,0,1,3789.00518,0.0,578,3921499.973739959,14858583713.87057,1.1441198116433134e-09,2.0190349617234944e-10
2021-05-09 22:33:22,2021-05-09 23:33:22,carol-raspberry1,Conv,conv_2d_1_500_500_1_40_40_1_1_quant_edgetpu.tflite,9,2,0,0,3861.849703,0.0,146,3921499.973739959,15144243508.902166,5.942852143594743e-10,1.3206338096877206e-10
2021-05-15 14:05:04,2021-05-15 15:05:04,carol-raspberry1,Conv,conv_2d_1_500_500_1_40_40_1_1_quant_edgetpu.tflite,6,3,0,0,2574.06708,0.0,17,3921499.973739959,10094203986.624891,5.944005102284608e-10,2.972002551142304e-10
2021-05-16 07:06:57,2021-05-16 08:06:57,carol-raspberry1,Conv,conv_2d_1_500_500_1_40_40_1_1_quant_edgetpu.tflite,7,4,0,0,2750.533861,0.0,9,3921499.973739959,10786218463.682367,6.48976286134875e-10,3.708435920770714e-10
2021-05-18 03:20:04,2021-05-18 04:20:04,carol-raspberry1,Conv,conv_2d_1_500_500_1_40_40_1_1_quant_edgetpu.tflite,4,2,0,0,1520.145764,0.0,5,3921499.973739959,5961251573.606909,6.710000325619144e-10,3.3550001628095726e-10
2021-05-18 16:02:57,2021-05-18 17:02:57,carol-raspberry1,Conv,conv_2d_1_500_500_1_40_40_1_1_quant_edgetpu.tflite,5,5,0,0,3425.921839,0.0,9,3921499.973739959,13434752401.67365,3.721691215818104e-10,3.721691215818104e-10
2021-05-19 05:47:10,2021-05-19 06:47:10,carol-raspberry1,Conv,conv_2d_1_500_500_1_40_40_1_1_quant_edgetpu.tflite,11,3,0,0,4946.930071,0.0,595,3921499.973739959,19399386143.519917,5.670282512353822e-10,1.546440685187406e-10
2021-05-19 17:22:41,2021-05-19 18:22:41,carol-raspberry1,Conv,conv_2d_1_500_500_1_40_40_1_1_quant_edgetpu.tflite,4,1,0,0,3109.397442,0.0,15,3921499.973739959,12193501987.150097,3.2804357634216397e-10,8.201089408554099e-11
2021-05-15 15:04:32,2021-05-15 16:13:42,carol-raspberry1,Conv,conv_2d_1_500_500_1_40_40_1_1_quant_edgetpu.tflite,16,1,0,0,4150.061795,618.557,127,3337009.5783971427,13848795960.855038,1.1553350952115655e-09,7.220844345072285e-11
2021-05-16 12:41:06,2021-05-16 14:03:47,carol-raspberry1,Conv,conv_2d_1_500_500_1_40_40_1_1_quant_edgetpu.tflite,9,1,0,0,4961.847188,3360.1940000000004,128,1265835.624658604,6280882934.682517,1.432919558220508e-09,1.5921328424672308e-10
2021-05-18 06:16:31,2021-05-18 08:49:02,carol-raspberry1,Conv,conv_2d_1_500_500_1_40_40_1_1_quant_edgetpu.tflite,16,1,0,0,9151.933115,3447.140000000011,153,2444439.4172852687,22371346050.664352,7.152005947145434e-10,4.470003716965897e-11
2021-05-19 19:49:24,2021-05-19 22:11:32,carol-raspberry1,Conv,conv_2d_1_512_512_1_40_40_1_1_quant_edgetpu.tflite,5,1,0,0,8528.798918,7444.625000000029,5,498497.8578863518,4251587990.9664354,1.1760311701471903e-09,2.3520623402943806e-10
2021-05-20 08:34:07,2021-05-20 11:47:16,carol-raspberry1,Conv,conv_2d_1_512_512_1_40_40_1_1_quant_edgetpu.tflite,6,1,0,0,11589.48352,11579.89600000058,262,3244.101375275251,37597459.42596186,1.5958525101451057e-07,2.659754183575176e-08
2021-05-08 00:24:14,2021-05-08 01:24:14,carol-raspberry1,DepthwiseConv,depthwise_conv_2d_1_1000_1000_3_20_20_3_1_quant_edgetpu.tflite,27,3,2,2,4769.732157,648.5899999999996,20158,3214987.2881932925,15334628252.841772,1.7607208700997644e-09,1.9563565223330718e-10
2021-05-08 03:05:02,2021-05-08 04:05:02,carol-raspberry1,DepthwiseConv,depthwise_conv_2d_1_1000_1000_3_20_20_3_1_quant_edgetpu.tflite,22,6,0,0,2941.166159,492.4639999999999,47,3385056.2062211046,9956012760.050438,2.2097199481580963e-09,6.02650894952208e-10
2021-05-08 05:20:00,2021-05-08 06:20:00,carol-raspberry1,DepthwiseConv,depthwise_conv_2d_1_1000_1000_3_20_20_3_1_quant_edgetpu.tflite,31,5,0,0,3642.087628,0.0,490,3921499.973739959,14282446537.560629,2.170496484511585e-09,3.5008007814702975e-10
2021-05-08 07:47:18,2021-05-08 08:47:18,carol-raspberry1,DepthwiseConv,depthwise_conv_2d_1_1000_1000_3_20_20_3_1_quant_edgetpu.tflite,32,1,2,2,3593.456373,0.0,53744,3921499.973739959,14091739072.355188,2.27083398547854e-09,7.096356204620438e-11
2021-05-08 10:01:25,2021-05-08 11:01:25,carol-raspberry1,DepthwiseConv,depthwise_conv_2d_1_1000_1000_3_20_20_3_1_quant_edgetpu.tflite,24,5,0,0,2921.1722010000003,888.8349999999995,612,2953287.0767513043,8627060110.178465,2.7819442189447684e-09,5.7957171228016e-10
2021-05-08 12:15:43,2021-05-08 13:15:43,carol-raspberry1,DepthwiseConv,depthwise_conv_2d_1_1000_1000_3_20_20_3_1_quant_edgetpu.tflite,25,4,1,1,3221.647483,564.551,26985,3306531.4371636063,10652478681.998505,2.3468716292525606e-09,3.754994606804097e-10
2021-05-08 14:39:06,2021-05-08 15:39:06,carol-raspberry1,DepthwiseConv,depthwise_conv_2d_1_1000_1000_3_20_20_3_1_quant_edgetpu.tflite,24,10,0,0,4166.555439,696.6830000000001,154,3162599.316460771,13177145383.377308,1.8213352969661765e-09,7.588897070692405e-10
2021-05-08 17:54:48,2021-05-08 18:54:48,carol-raspberry1,DepthwiseConv,depthwise_conv_2d_1_1000_1000_3_20_20_3_1_quant_edgetpu.tflite,29,6,0,0,3939.125914,873.8089999999996,185,2969654.981919476,11697844894.918207,2.479089119449533e-09,5.12914990230938e-10
2021-05-09 11:21:20,2021-05-09 12:21:20,carol-raspberry1,DepthwiseConv,depthwise_conv_2d_1_1000_1000_3_20_20_3_1_quant_edgetpu.tflite,20,4,0,0,3268.935475,837.760999999999,57,3008922.268323193,9835972744.439154,2.0333525234001043e-09,4.0667050468002077e-10
2021-05-09 13:48:50,2021-05-09 14:48:50,carol-raspberry1,DepthwiseConv,depthwise_conv_2d_1_1000_1000_3_20_20_3_1_quant_edgetpu.tflite,14,3,0,0,1950.600641,540.5139999999999,145,3332715.074627159,6500796160.8381,2.153582369547038e-09,4.6148193633150806e-10
2021-05-09 18:18:07,2021-05-09 19:18:07,carol-raspberry1,DepthwiseConv,depthwise_conv_2d_1_1000_1000_3_20_20_3_1_quant_edgetpu.tflite,25,8,0,0,4071.162574,249.23800000000008,424,3650003.6375024575,14859758203.963873,1.6823961505195421e-09,5.383667681662533e-10
2021-05-15 17:49:46,2021-05-15 18:49:46,carol-raspberry1,DepthwiseConv,depthwise_conv_2d_1_1000_1000_3_20_20_3_1_quant_edgetpu.tflite,27,2,0,0,2434.9578640000004,0.0,344,3921499.973739959,9548687199.733908,2.827613831642993e-09,2.0945287641799948e-10
2021-05-16 09:13:59,2021-05-16 10:13:59,carol-raspberry1,DepthwiseConv,depthwise_conv_2d_1_1000_1000_3_20_20_3_1_quant_edgetpu.tflite,28,3,1,1,3962.063339,0.0,160476,3921499.973739959,15537231279.844551,1.802122881206164e-09,1.930845944149461e-10
2021-05-16 15:39:36,2021-05-16 16:39:36,carol-raspberry1,DepthwiseConv,depthwise_conv_2d_1_1000_1000_3_20_20_3_1_quant_edgetpu.tflite,29,6,0,0,3247.661236,0.0,311,3921499.973739959,12735703451.690285,2.277063069975229e-09,4.711164972362544e-10
2021-05-18 18:41:01,2021-05-18 19:41:01,carol-raspberry1,DepthwiseConv,depthwise_conv_2d_1_1000_1000_3_20_20_3_1_quant_edgetpu.tflite,8,1,0,0,797.394386,2546.750999999992,13,1147309.9794004636,914858536.5757054,8.744521344189253e-09,1.0930651680236567e-09
2021-05-07 21:23:22,2021-05-07 22:58:40,carol-raspberry1,DepthwiseConv,depthwise_conv_2d_1_1000_1000_3_20_20_3_1_quant_edgetpu.tflite,9,1,0,0,5718.050172,2642.389999999993,27,2109320.646186709,12061201283.731062,7.461943290955429e-10,8.291048101061587e-11
2021-05-09 14:29:53,2021-05-09 16:49:13,carol-raspberry1,DepthwiseConv,depthwise_conv_2d_1_1000_1000_3_20_20_3_1_quant_edgetpu.tflite,22,1,0,0,8360.457947,6813.743000000037,214,725491.6731230057,6065442624.04356,3.627105450275215e-09,1.648684295579643e-10
2021-05-15 18:42:03,2021-05-15 19:54:52,carol-raspberry1,DepthwiseConv,depthwise_conv_2d_1_1000_1000_3_20_20_3_1_quant_edgetpu.tflite,38,1,0,0,4369.03966,63.05500000000001,534,3864903.970936868,16885918731.114666,2.250395764962417e-09,5.922094118322151e-11
2021-05-18 10:46:54,2021-05-18 12:38:29,carol-raspberry1,DepthwiseConv,depthwise_conv_2d_1_1000_1000_3_20_20_3_1_quant_edgetpu.tflite,10,1,0,0,6695.702387,6537.376000000042,35,92727.67613867328,620876922.4626776,1.6106251719480078e-08,1.6106251719480075e-09
2021-05-18 18:56:45,2021-05-19 00:09:50,carol-raspberry1,DepthwiseConv,depthwise_conv_2d_1_1000_1000_3_20_20_3_1_quant_edgetpu.tflite,7,1,0,0,18785.216359,18674.40300000161,160,23132.796348870463,434554584.40221685,1.6108448170278446e-08,2.301206881468349e-09
2021-05-19 08:41:01,2021-05-19 14:09:18,carol-raspberry1,DepthwiseConv,depthwise_conv_2d_1_1000_1000_3_20_20_3_1_quant_edgetpu.tflite,1,1,0,0,19697.700849,19655.2630000018,15,8448.702973396505,166420023.73202115,6.008892304992433e-09,6.008892304992433e-09
2021-05-20 06:24:04,2021-05-20 07:24:04,carol-raspberry1,DepthwiseConv,depthwise_conv_2d_1_1024_1024_3_20_20_3_1_quant_edgetpu.tflite,31,1,2,2,3576.103256,0.0,128977,3921499.973739959,14023688824.49538,2.2105453413834917e-09,7.130791423817715e-11
2021-05-30 22:03:12,2021-05-31 00:18:08,carol-raspberry1,DepthwiseConv,depthwise_conv_2d_1_1024_1024_3_20_20_3_1_quant_edgetpu.tflite,1,1,0,0,8096.330629,0.0,1,3921499.973739959,31749760349.013523,3.1496300728174484e-11,3.1496300728174484e-11
2021-05-31 05:19:47,2021-05-31 06:35:07,carol-raspberry1,DepthwiseConv,depthwise_conv_2d_1_1024_1024_3_20_20_3_1_quant_edgetpu.tflite,3,1,0,0,4520.781298,0.0,4,3921499.973739959,17728243741.391098,1.6922150009680518e-10,5.640716669893507e-11
2021-05-31 10:16:49,2021-05-31 18:13:28,carol-raspberry1,DepthwiseConv,depthwise_conv_2d_1_1024_1024_3_20_20_3_1_quant_edgetpu.tflite,4,1,0,0,28599.729381,87.09299999999998,9,3909558.070630909,111812302819.3485,3.5774238604696926e-11,8.943559651174231e-12
2021-06-01 07:39:35,2021-06-01 08:51:47,carol-raspberry1,DepthwiseConv,depthwise_conv_2d_1_1024_1024_3_20_20_3_1_quant_edgetpu.tflite,1,1,0,0,4332.748159,1717.6509999999892,1,2366881.956673167,10255103440.345982,9.751242450327369e-11,9.751242450327369e-11
2021-05-20 00:24:45,2021-05-20 02:15:34,carol-raspberry1,DepthwiseConv,depthwise_conv_2d_1_256_256_3_20_20_3_1_quant_edgetpu.tflite,13,1,0,0,6649.853275,0.0,66,3921499.973739959,26077399443.287083,4.985159669879006e-10,3.834738207599235e-11
2021-05-15 16:38:50,2021-05-15 17:38:50,carol-raspberry1,DepthwiseConv,depthwise_conv_2d_1_500_500_3_20_20_3_1_quant_edgetpu.tflite,19,6,0,0,2692.6013030000004,0.0,516,3921499.973739959,10559035939.00668,1.7994066986561831e-09,5.682336943124787e-10
2021-05-16 08:11:53,2021-05-16 09:11:53,carol-raspberry1,DepthwiseConv,depthwise_conv_2d_1_500_500_3_20_20_3_1_quant_edgetpu.tflite,7,11,0,0,2144.835749,0.0,7,3921499.973739959,8410973333.380024,8.322461292582637e-10,1.3078153459772715e-09
2021-05-16 14:33:22,2021-05-16 15:33:22,carol-raspberry1,DepthwiseConv,depthwise_conv_2d_1_500_500_3_20_20_3_1_quant_edgetpu.tflite,13,8,0,0,2400.5842350000003,0.0,187,3921499.973739959,9413891014.51306,1.380938018079704e-09,8.498080111259717e-10
2021-05-18 09:31:07,2021-05-18 10:31:07,carol-raspberry1,DepthwiseConv,depthwise_conv_2d_1_500_500_3_20_20_3_1_quant_edgetpu.tflite,9,12,0,0,2843.160817,1345.3429999999948,79,2456010.379525732,6982832477.212859,1.2888752564764771e-09,1.7185003419686364e-09
2021-05-18 17:19:50,2021-05-18 18:19:50,carol-raspberry1,DepthwiseConv,depthwise_conv_2d_1_500_500_3_20_20_3_1_quant_edgetpu.tflite,17,9,0,0,3246.093239,0.0,201,3921499.973739959,12729554551.495956,1.335474853517336e-09,7.070160989209426e-10
2021-05-19 07:36:45,2021-05-19 08:36:45,carol-raspberry1,DepthwiseConv,depthwise_conv_2d_1_500_500_3_20_20_3_1_quant_edgetpu.tflite,3,12,0,0,2387.937881,1729.7669999999898,19,2037255.1834410129,4864838825.802398,6.166699673766038e-10,2.466679869506415e-09
2021-05-19 18:28:30,2021-05-19 19:28:30,carol-raspberry1,DepthwiseConv,depthwise_conv_2d_1_500_500_3_20_20_3_1_quant_edgetpu.tflite,1,3,0,0,285.431385,0.0,1,3921499.973739959,1119319168.78206,8.93400227468728e-10,2.680200682406184e-09
2021-05-20 03:54:14,2021-05-20 04:54:14,carol-raspberry1,DepthwiseConv,depthwise_conv_2d_1_512_512_3_20_20_3_1_quant_edgetpu.tflite,9,4,0,0,1872.030283,0.0,89,3921499.973739959,7341166705.6249075,1.2259631691927212e-09,5.448725196412093e-10
2021-05-20 04:41:03,2021-05-20 05:53:38,carol-raspberry1,DepthwiseConv,depthwise_conv_2d_1_512_512_3_20_20_3_1_quant_edgetpu.tflite,21,1,0,0,4355.544852,0.0,160,3921499.973739959,17080269022.741213,1.2294888313550526e-09,5.854708720738346e-11
2021-06-14 15:09:19,2021-06-14 16:09:19,carol-raspberry1,Detection,ssd_mobilenet_v2_catsdogs_quant_edgetpu.tflite,74,1,0,0,1724.531976,3446.029000000005,126,173479.72435993567,299171331.8463752,2.473499032922014e-07,3.342566260705424e-09
2021-06-14 17:31:26,2021-06-14 18:31:26,carol-raspberry1,Detection,ssd_mobilenet_v2_catsdogs_quant_edgetpu.tflite,198,1,0,0,1817.291065,1457.140000000002,359,2414368.6937276777,4387610654.72703,4.512706700324082e-08,2.279144798143476e-10
2021-06-14 20:36:54,2021-06-14 21:36:54,carol-raspberry1,Detection,ssd_mobilenet_v2_catsdogs_quant_edgetpu.tflite,286,2,0,0,1280.57633,0.0,514,4056133.997283839,5194189188.229968,5.506152926583344e-08,3.8504565920163234e-10
2021-06-14 23:25:50,2021-06-15 00:25:50,carol-raspberry1,Detection,ssd_mobilenet_v2_catsdogs_quant_edgetpu.tflite,324,3,0,0,1825.452323,9.013,516,4045979.015140084,7385741791.996718,4.3868308576816273e-08,4.0618804237792834e-10
2021-06-15 03:58:59,2021-06-15 04:58:59,carol-raspberry1,Detection,ssd_mobilenet_v2_catsdogs_quant_edgetpu.tflite,513,2,0,0,3389.628902,264.4009999999998,866,3758232.362557216,12739013036.55568,4.0269995683959416e-08,1.5699803385559227e-10
2021-06-15 07:41:39,2021-06-15 08:41:39,carol-raspberry1,Detection,ssd_mobilenet_v2_catsdogs_quant_edgetpu.tflite,260,3,0,0,1805.181505,727.0790000000003,437,3236931.261002967,5843248445.318884,4.4495797574427975e-08,5.134130489357074e-10
2021-06-15 18:03:42,2021-06-15 19:03:42,carol-raspberry1,Detection,ssd_mobilenet_v2_catsdogs_quant_edgetpu.tflite,234,4,0,0,1206.7630820000002,78.104,405,3968133.916804989,4788597515.232321,4.886608224133605e-08,8.353176451510433e-10
2021-06-15 11:15:00,2021-06-15 13:25:48,carol-raspberry1,Detection,ssd_mobilenet_v2_catsdogs_quant_edgetpu.tflite,166,1,0,0,7848.177964,6997.266000000009,301,439772.51302247983,3451412945.8759294,4.809624423480021e-08,2.897364110530133e-10
2021-05-22 00:14:54,2021-05-22 01:14:54,carol-raspberry1,Detection,ssd_mobilenet_v2_coco_quant_postprocess_edgetpu.tflite,193,3,0,0,2030.461183,2402.388999999988,7396,1304564.3069585369,2648867186.006606,7.286133522268589e-08,1.1325596148604022e-09
2021-05-22 01:43:14,2021-05-22 02:43:14,carol-raspberry1,Detection,ssd_mobilenet_v2_coco_quant_postprocess_edgetpu.tflite,322,6,0,0,1644.510237,18.016,13881,3901875.0449824864,6416673454.968534,5.0181765093667054e-08,9.350639458447278e-10
2021-05-22 03:03:35,2021-05-22 04:03:35,carol-raspberry1,Detection,ssd_mobilenet_v2_coco_quant_postprocess_edgetpu.tflite,522,5,0,0,2595.163407,0.0,21261,3921499.973739959,10176933232.401402,5.129246582242008e-08,4.913071438929127e-10
2021-05-22 05:01:59,2021-05-22 06:01:59,carol-raspberry1,Detection,ssd_mobilenet_v2_coco_quant_postprocess_edgetpu.tflite,288,2,0,0,1334.6870279999998,0.0,11530,3921499.973739959,5233975145.253063,5.502509889853044e-08,3.8211874235090576e-10
2021-05-22 06:03:40,2021-05-22 07:03:40,carol-raspberry1,Detection,ssd_mobilenet_v2_coco_quant_postprocess_edgetpu.tflite,575,2,0,0,2525.7140350000004,0.0,23433,3921499.973739959,9904587521.927149,5.8053906710102105e-08,2.0192663203513774e-10
2021-05-22 07:59:41,2021-05-22 08:59:41,carol-raspberry1,Detection,ssd_mobilenet_v2_coco_quant_postprocess_edgetpu.tflite,423,3,0,0,2001.840751,0.0,17332,3921499.973739959,7850218452.47808,5.388385082028788e-08,3.8215497035665157e-10
2021-05-22 09:32:51,2021-05-22 10:32:51,carol-raspberry1,Detection,ssd_mobilenet_v2_coco_quant_postprocess_edgetpu.tflite,280,3,0,0,1347.836141,0.0,12080,3921499.973739959,5285539391.537268,5.2974725805338046e-08,5.67586347914336e-10
2021-05-22 10:39:11,2021-05-22 11:39:11,carol-raspberry1,Detection,ssd_mobilenet_v2_coco_quant_postprocess_edgetpu.tflite,310,3,0,0,1417.534907,12.013,13263,3908414.146188698,5540313483.23508,5.595351254726943e-08,5.414856052961556e-10
2021-05-22 11:46:18,2021-05-22 12:46:18,carol-raspberry1,Detection,ssd_mobilenet_v2_coco_quant_postprocess_edgetpu.tflite,230,3,0,0,984.475945,120.128,9218,3790643.876838449,3731797712.8089952,6.163249396143571e-08,8.039020951491615e-10
2021-05-22 15:48:18,2021-05-22 16:48:18,carol-raspberry1,Detection,ssd_mobilenet_v2_coco_quant_postprocess_edgetpu.tflite,254,3,0,0,1268.804771,174.185,10228,3731759.2868160983,4734873987.335824,5.364451106394036e-08,6.335965873693741e-10
2021-05-22 16:48:44,2021-05-22 17:48:44,carol-raspberry1,Detection,ssd_mobilenet_v2_coco_quant_postprocess_edgetpu.tflite,208,3,1,1,1702.645199,1486.498999999993,8986,2302248.36555539,3919912126.5184817,5.3062413974248394e-08,7.653232784747364e-10
2021-05-22 18:04:44,2021-05-22 19:04:44,carol-raspberry1,Detection,ssd_mobilenet_v2_coco_quant_postprocess_edgetpu.tflite,285,2,0,0,1358.456683,0.0,11554,3921499.973739959,5327187846.711371,5.349914592854819e-08,3.7543260300735565e-10
2021-05-22 20:51:54,2021-05-22 21:51:54,carol-raspberry1,Detection,ssd_mobilenet_v2_coco_quant_postprocess_edgetpu.tflite,287,5,0,0,1511.469205,0.0,11805,3921499.973739959,5927226447.716256,4.8420623462189526e-08,8.435648686792601e-10
2021-05-22 23:05:50,2021-05-23 00:05:50,carol-raspberry1,Detection,ssd_mobilenet_v2_coco_quant_postprocess_edgetpu.tflite,604,2,0,0,2963.175536,21.022,24342,3898600.592504414,11552237900.344185,5.2284241824867936e-08,1.7312662855916535e-10
2021-05-23 02:35:06,2021-05-23 03:35:06,carol-raspberry1,Detection,ssd_mobilenet_v2_coco_quant_postprocess_edgetpu.tflite,507,3,0,0,2416.075304,180.17200000000005,20631,3725237.61449866,9000454601.922083,5.633048800576453e-08,3.333164970755297e-10
2021-05-23 05:30:14,2021-05-23 06:30:14,carol-raspberry1,Detection,ssd_mobilenet_v2_coco_quant_postprocess_edgetpu.tflite,394,4,0,0,1657.390272,12.013,16550,3908414.146188698,6477767584.840334,6.082342332288409e-08,6.174966834810565e-10
2021-05-23 07:50:03,2021-05-23 08:50:03,carol-raspberry1,Detection,ssd_mobilenet_v2_coco_quant_postprocess_edgetpu.tflite,314,4,0,0,1511.217144,9.009,13218,3911686.4200556735,5911407579.940121,5.311763666331068e-08,6.76657791889308e-10
2021-05-23 10:11:37,2021-05-23 11:11:37,carol-raspberry1,Detection,ssd_mobilenet_v2_coco_quant_postprocess_edgetpu.tflite,490,3,0,0,2308.749781,6.01,19397,3914953.247394909,9038647452.548237,5.4211650866176445e-08,3.3190806652761085e-10
2021-05-23 15:31:53,2021-05-23 16:31:53,carol-raspberry1,Detection,ssd_mobilenet_v2_coco_quant_postprocess_edgetpu.tflite,297,3,0,0,1457.907713,0.0,12260,3921499.973739959,5717185058.244783,5.194864202824688e-08,5.247337578610795e-10
2021-05-23 19:41:10,2021-05-23 20:41:10,carol-raspberry1,Detection,ssd_mobilenet_v2_coco_quant_postprocess_edgetpu.tflite,351,3,0,0,1655.885093,0.0,13981,3921499.973739959,6493553348.71589,5.405360996524512e-08,4.619966663696163e-10
2021-05-23 22:01:42,2021-05-23 23:01:42,carol-raspberry1,Detection,ssd_mobilenet_v2_coco_quant_postprocess_edgetpu.tflite,438,5,0,0,2244.364566,93.089,17727,3820097.609557881,8573691713.553012,5.108651146245717e-08,5.831793545942598e-10
2021-05-24 01:17:04,2021-05-24 02:17:04,carol-raspberry1,Detection,ssd_mobilenet_v2_coco_quant_postprocess_edgetpu.tflite,313,4,0,0,1347.80169,0.0,13051,3921499.973739959,5285404291.941672,5.92196893011972e-08,7.568011412293571e-10
2021-05-24 03:34:55,2021-05-24 04:34:55,carol-raspberry1,Detection,ssd_mobilenet_v2_coco_quant_postprocess_edgetpu.tflite,93,1,0,0,409.894973,0.0,3527,3921499.973739959,1607403125.8556411,5.785729696804896e-08,6.221214727747198e-10
2021-05-22 12:37:41,2021-05-22 13:48:06,carol-raspberry1,Detection,ssd_mobilenet_v2_coco_quant_postprocess_edgetpu.tflite,892,1,0,0,4225.276587,339.346,35578,3606551.2827635873,15238676694.875805,5.8535266405379294e-08,6.562249597015616e-11
2021-06-17 02:34:16,2021-06-17 03:34:16,carol-raspberry1,Detection,ssd_mobilenet_v2_subcoco14_quant_edgetpu.tflite,321,1,0,0,2652.890774,219.32299999999995,4747,3809021.9204265377,10104919110.663324,3.1766706540110884e-08,9.896170261716783e-11
2021-06-17 07:02:19,2021-06-17 08:02:19,carol-raspberry1,Detection,ssd_mobilenet_v2_subcoco14_quant_edgetpu.tflite,138,3,0,0,1307.958481,198.2909999999999,1978,3832718.75660178,5013037002.985074,2.7528222895188333e-08,5.98439628156268e-10
2021-06-17 09:30:25,2021-06-17 10:30:25,carol-raspberry1,Detection,ssd_mobilenet_v2_subcoco14_quant_edgetpu.tflite,63,1,0,0,1706.134138,2887.119000000002,967,803205.7944771366,1370376825.7968545,4.5972756408345127e-08,7.297262921959545e-10
2021-06-17 04:37:55,2021-06-17 05:37:55,carol-raspberry1,Detection,ssd_mobilenet_v2_subcoco14_transf_learn_quant_edgetpu.tflite,334,1,0,0,3114.510089,174.244,3775,3859812.604999749,12021425299.921087,2.7783727109479483e-08,8.318481170502838e-11
2021-06-17 08:06:30,2021-06-17 09:06:30,carol-raspberry1,Detection,ssd_mobilenet_v2_subcoco14_transf_learn_quant_edgetpu.tflite,186,2,0,0,1502.823627,219.31199999999984,2119,3809034.3141693072,5724306763.387376,3.2493017528280394e-08,3.4938728525032675e-10
2021-06-17 11:05:06,2021-06-17 12:05:06,carol-raspberry1,Detection,ssd_mobilenet_v2_subcoco14_transf_learn_quant_edgetpu.tflite,113,1,0,0,2057.571529,1874.6259999999968,1201,1943985.5942860043,3999889411.589028,2.825078105224632e-08,2.500069119667816e-10
2021-06-16 16:00:57,2021-06-16 20:09:29,carol-raspberry1,Detection,ssd_mobilenet_v2_subcoco14_transf_learn_quant_edgetpu.tflite,37,1,0,0,14912.314018,14909.632000000438,487,729.5061233429705,10878624.389344215,3.401165319784557e-06,9.192338702120425e-08
2021-06-14 16:25:36,2021-06-14 17:25:36,carol-raspberry1,Detection,ssd_mobilenet_v2_transf_learn_catsdogs_quant_edgetpu.tflite,94,1,0,0,1463.134437,2196.157000000002,150,1581715.366430258,2314262222.156184,4.0617696257609383e-08,4.321031516766954e-10
2021-06-14 18:54:46,2021-06-14 19:54:46,carol-raspberry1,Detection,ssd_mobilenet_v2_transf_learn_catsdogs_quant_edgetpu.tflite,262,2,0,0,2189.269067,402.577,417,3602548.926110356,7886948926.287472,3.321943662228432e-08,2.5358348566629247e-10
2021-06-14 21:39:46,2021-06-14 22:39:46,carol-raspberry1,Detection,ssd_mobilenet_v2_transf_learn_catsdogs_quant_edgetpu.tflite,396,0,1,1,2236.44014,18.027,600,4035822.90629244,9025876345.563871,4.387385610424744e-08,0.0
2021-06-15 00:55:56,2021-06-15 01:55:56,carol-raspberry1,Detection,ssd_mobilenet_v2_transf_learn_catsdogs_quant_edgetpu.tflite,668,1,1,1,3878.921773,249.36099999999988,1030,3775177.989034757,14643620098.617275,4.561713534640769e-08,6.828912477007138e-11
2021-06-15 06:41:10,2021-06-15 07:41:10,carol-raspberry1,Detection,ssd_mobilenet_v2_transf_learn_catsdogs_quant_edgetpu.tflite,222,1,0,0,1277.818576,285.4129999999999,366,3734558.060459736,4772087662.805981,4.6520520092345566e-08,2.0955189230786287e-10
2021-06-15 09:07:23,2021-06-15 10:07:23,carol-raspberry1,Detection,ssd_mobilenet_v2_transf_learn_catsdogs_quant_edgetpu.tflite,364,4,0,0,2678.6183220000003,802.1839999999999,594,3152310.1654846333,8443835765.893991,4.3108370424523705e-08,4.737183563134472e-10
2021-06-15 16:55:22,2021-06-15 17:55:22,carol-raspberry1,Detection,ssd_mobilenet_v2_transf_learn_catsdogs_quant_edgetpu.tflite,233,4,0,0,1382.186932,0.0,384,4056133.997283839,5606335405.486646,4.1560124956486614e-08,7.13478540025521e-10
2021-06-15 19:07:08,2021-06-15 20:07:08,carol-raspberry1,Detection,ssd_mobilenet_v2_transf_learn_catsdogs_quant_edgetpu.tflite,94,1,0,0,404.711391,0.0,173,4056133.997283839,1641563632.1231325,5.7262477165398803e-08,6.091752889936044e-10
2021-05-22 19:16:43,2021-05-22 20:16:43,carol-raspberry1,Detection,ssdlite_mobiledet_coco_qat_postprocess_edgetpu.tflite,477,3,0,0,2064.708541,0.0,4777,3921499.973739959,8096754489.312168,5.89124939665204e-08,3.705188299781157e-10
2021-05-22 22:03:42,2021-05-22 23:03:42,carol-raspberry1,Detection,ssdlite_mobiledet_coco_qat_postprocess_edgetpu.tflite,303,6,0,0,1286.612725,0.0,2954,3921499.973739959,5045451767.300997,6.005408712133743e-08,1.1891898439868799e-09
2021-05-23 01:19:42,2021-05-23 02:19:42,carol-raspberry1,Detection,ssdlite_mobiledet_coco_qat_postprocess_edgetpu.tflite,381,6,0,0,1650.6551210000002,0.0,4465,3921499.973739959,6473044013.65523,5.885947927995859e-08,9.269209335426551e-10
2021-05-23 04:25:55,2021-05-23 05:25:55,carol-raspberry1,Detection,ssdlite_mobiledet_coco_qat_postprocess_edgetpu.tflite,311,4,0,0,1423.3870310000002,15.014,3089,3905145.140238367,5558532946.787968,5.5950014685028234e-08,7.196143367849288e-10
2021-05-23 06:48:49,2021-05-23 07:48:49,carol-raspberry1,Detection,ssdlite_mobiledet_coco_qat_postprocess_edgetpu.tflite,338,3,0,0,1358.912046,0.0,3624,3921499.973739959,5328973552.703914,6.342684884005462e-08,5.629601968052184e-10
2021-05-23 09:01:33,2021-05-23 10:01:33,carol-raspberry1,Detection,ssdlite_mobiledet_coco_qat_postprocess_edgetpu.tflite,330,4,0,0,1520.448067,24.026000000000003,3492,3895328.318637437,5922644412.402652,5.5718354339987845e-08,6.753739919998524e-10
2021-05-23 11:56:20,2021-05-23 12:56:20,carol-raspberry1,Detection,ssdlite_mobiledet_coco_qat_postprocess_edgetpu.tflite,268,5,0,0,1186.349219,12.015999999999998,2751,3908410.878272053,4636740192.969153,5.77992272257086e-08,1.078343791524414e-09
2021-05-23 20:57:56,2021-05-23 21:57:56,carol-raspberry1,Detection,ssdlite_mobiledet_coco_qat_postprocess_edgetpu.tflite,355,5,0,0,1335.741698,0.0,3910,3921499.973739959,5238111033.630368,6.777252290392187e-08,9.545425761115755e-10
2021-05-23 23:44:29,2021-05-24 00:44:29,carol-raspberry1,Detection,ssdlite_mobiledet_coco_qat_postprocess_edgetpu.tflite,442,2,0,0,2094.914968,12.011,4490,3908416.324799794,8187799859.998639,5.3982755753396425e-08,2.4426586313754036e-10
2021-05-24 02:23:06,2021-05-24 03:23:06,carol-raspberry1,Detection,ssdlite_mobiledet_coco_qat_postprocess_edgetpu.tflite,299,9,0,0,1443.292989,9.008,2974,3911687.509361223,5645711157.419925,5.29605556612716e-08,1.5941304379646967e-09
2021-05-24 07:57:50,2021-05-24 08:57:50,carol-raspberry1,Detection,ssdlite_mobiledet_coco_qat_postprocess_edgetpu.tflite,333,3,0,0,2546.0609670000003,12.011,3519,3908416.324799794,9951066247.35835,3.3463750689872e-08,3.0147523144028825e-10
2021-05-23 12:52:13,2021-05-23 13:54:04,carol-raspberry1,Detection,ssdlite_mobiledet_coco_qat_postprocess_edgetpu.tflite,796,1,0,0,3711.836077,0.0,8459,3921499.973739959,14555965078.482533,5.4685484315752666e-08,6.870035718059379e-11
2021-05-23 16:39:27,2021-05-23 17:56:47,carol-raspberry1,Detection,ssdlite_mobiledet_coco_qat_postprocess_edgetpu.tflite,373,1,0,0,4640.663743,2285.271999999986,4001,1990376.629260094,9236668658.32187,4.0382524673973434e-08,1.0826414121708694e-10
